"","Sertoli","Early_Spermatid","Late_Spermatid","Endothelial","Spermatocyte","Macrophage","Spermatogonia","Leydig","Myoid","Pericyte","NK_Tcell"
"SRR9849353",0.0636519317455509,1.58914984685451e-06,0.290141330681276,1.46695734413202e-05,0.015495368029942,0.000780353727685315,0.52743048306336,0.0679042247693764,0.0345551818692021,1.83015624275628e-06,2.30372340763496e-05
"SRR9849354",0.131842708982055,2.91895105922209e-06,0.302307270351946,1.25313608041299e-06,1.35035035275383e-06,0.00104443900306398,0.482923536676611,0.0111437146741831,0.0395179083709831,0.0303655169037173,0.000849382599948479
"SRR9849355",0.0353746957813362,4.61005815783729e-07,0.255517432234402,1.34763837642706e-06,1.51920767902096e-06,1.01197458450021e-06,0.662787864451784,0.0305178236958391,0.0157960938539652,1.00714916692497e-06,7.43007050515692e-07
"SRR9849356",0.019538284426478,5.25679273920697e-07,0.324140436478004,9.4484647570949e-07,3.65812982704019e-06,0.000466261213972246,0.5884868864286,0.0525053126683631,0.0148550264828855,1.19206298766305e-06,1.4715831332804e-06
"SRR9849357",4.54688152018683e-07,1.44654117965531e-07,2.19075565443453e-07,0.0167786543639653,2.45223629799673e-07,0.0361818075410585,0.0753766637908178,0.836472462787852,0.0307476310109785,6.59660635299273e-07,0.00444105720322709
"SRR9849358",0.171181467247573,1.92764435559858e-07,2.76319861135062e-07,9.90460580382205e-07,2.69513014575361e-07,0.0210802362784602,0.0805723488425587,0.467202706549095,1.0333821072028e-05,0.259949404296354,1.77390699620576e-06
"SRR9849359",5.12659500035138e-07,1.08301740945502e-07,2.94661299398169e-07,0.0160563888370069,2.24611554344073e-07,0.0266582295408446,0.0897556648015038,0.799021727097361,0.0682293722733449,6.80975703700092e-07,0.000276796240141023
"SRR9849360",0.253187450676319,1.31819217046371e-07,1.9309602198376e-07,0.0637885660064116,1.91868037526191e-07,0.0224224217060579,0.235281551632308,0.339968542006265,0.0790724165078207,0.00524080213589695,0.00103773254564401
"SRR9849361",0.0388692844823078,1.93933110879237e-07,2.82566353659419e-07,0.0415634903792733,3.05421549312416e-07,0.0190688965943527,0.383208080960057,0.440598924247145,0.0493235138756494,0.0261211853903034,0.00124584214989655
"SRR9849362",0.27862055277431,2.19761379640848e-07,4.21385008481392e-07,0.0813477698400697,4.58986738921609e-07,0.0362579229836567,0.336848365042002,0.173264054586843,0.0573902289314245,0.0355891216782065,0.000680884030360686
"SRR9849363",1.69672582206442e-06,1.4481892609492e-07,2.27694060399611e-07,0.035235846537009,2.97400620589995e-07,0.0208536952290725,0.100029575570196,0.816981804029235,0.0268923043513168,2.61656224260381e-06,1.79108149847054e-06
"SRR9849364",0.0897161567855159,2.27653801869817e-07,3.0631344019261e-07,2.59277386942781e-06,4.19410192094863e-07,0.0176139411673383,0.452462155145637,0.286874652946994,0.000681303820274214,0.152560700309506,8.75436734308245e-05
"SRR9849365",0.0588066252333909,9.25677865578387e-07,0.142343235705439,3.71641686071576e-05,1.82141514103659e-06,0.00489844343773297,0.647153378112571,0.0939626123870032,0.0527926697317918,1.92089114358569e-06,1.20323931315861e-06
"SRR9849366",0.0632417961120939,0.00512747608920926,0.338343276930864,7.94515870190414e-07,9.85133150612756e-07,1.60887662507421e-06,0.551267344166358,0.0164256237970151,0.00167370087805894,0.023917169517771,2.23982984096591e-07
