"gene_symbol","log2FoldChange","padj","cell_type","mean_group","mean_ctrl","log2FC_ct"
"INTS3",-23.9166380137229,3.72170019388094e-16,"Early_Spermatid",0,0,0
"INTS3",-23.9166380137229,3.72170019388094e-16,"Spermatocyte",0,0,0
"INTS3",-23.9166380137229,3.72170019388094e-16,"Spermatogonia",0,412.27,-15.3313368562965
"INTS3",-23.9166380137229,3.72170019388094e-16,"Late_Spermatid",0,12.682,-10.3097037110303
"INTS3",-23.9166380137229,3.72170019388094e-16,"Myoid",0,30.158,-11.5588033402543
"INTS3",-23.9166380137229,3.72170019388094e-16,"Macrophage",0,2.022,-7.6667565918848
"INTS3",-23.9166380137229,3.72170019388094e-16,"Sertoli",0,17.39,-10.7648715907361
"INTS3",-23.9166380137229,3.72170019388094e-16,"Leydig",0,56.47,-12.4635243732712
"INTS3",-23.9166380137229,3.72170019388094e-16,"Pericyte",0,0.004,-0.485426827170242
"INTS3",-23.9166380137229,3.72170019388094e-16,"Endothelial",0,0.004,-0.485426827170242
"INTS3",-23.9166380137229,3.72170019388094e-16,"NK_Tcell",0,0,0
"ARHGEF10",22.1087429224196,5.93039066148774e-10,"Spermatogonia",150.056,0,13.8733095264767
"CT47B1",20.6991178913627,1.81166499565034e-07,"Spermatogonia",166.45,0,14.0228879218033
"IGLC2",4.9950783066174,0.000298183810889869,"NK_Tcell",321.772,0.13,11.1664410836245
"SPC25",7.24577858809415,0.00211315462507255,"Spermatogonia",45.382,0,12.148222340387
"ACTL9",-21.5489491123443,0.00286640834512102,"Late_Spermatid",0,1474.056,-17.169441595709
"ACTL9",-21.5489491123443,0.00286640834512102,"Sertoli",0,7.752,-9.60028462289809
"ACTL9",-21.5489491123443,0.00286640834512102,"Leydig",0,19.604,-10.9376680676011
"ACTL9",-21.5489491123443,0.00286640834512102,"Early_Spermatid",0,0.002,-0.263034405833794
"ACTL9",-21.5489491123443,0.00286640834512102,"Endothelial",0,0.004,-0.485426827170242
"ACTL9",-21.5489491123443,0.00286640834512102,"NK_Tcell",0,0,0
"ACTL9",-21.5489491123443,0.00286640834512102,"Myoid",0,22.918,-11.1628947993748
"ACTL9",-21.5489491123443,0.00286640834512102,"Spermatogonia",0,124.672,-13.6059655818049
"ACTL9",-21.5489491123443,0.00286640834512102,"Spermatocyte",0,0.008,-0.84799690655495
"ACTL9",-21.5489491123443,0.00286640834512102,"Pericyte",0,0,0
"ACTL9",-21.5489491123443,0.00286640834512102,"Macrophage",0,0.484,-5.62643913669732
"RNH1",-8.40192004175408,0.00286640834512102,"Leydig",0,24.894,-11.2821617665818
"RNH1",-8.40192004175408,0.00286640834512102,"Myoid",0,11.488,-10.1671672205261
"RNH1",-8.40192004175408,0.00286640834512102,"Early_Spermatid",0,0,0
"RNH1",-8.40192004175408,0.00286640834512102,"NK_Tcell",0,0,0
"RNH1",-8.40192004175408,0.00286640834512102,"Pericyte",0,0.002,-0.263034405833794
"RNH1",-8.40192004175408,0.00286640834512102,"Sertoli",0,12.336,-10.2698279811356
"RNH1",-8.40192004175408,0.00286640834512102,"Late_Spermatid",0,30.056,-11.5539172282634
"RNH1",-8.40192004175408,0.00286640834512102,"Macrophage",0,0.728,-6.20554891117303
"RNH1",-8.40192004175408,0.00286640834512102,"Endothelial",0,0,0
"RNH1",-8.40192004175408,0.00286640834512102,"Spermatocyte",0,0,0
"RNH1",-8.40192004175408,0.00286640834512102,"Spermatogonia",0,217.996,-14.4120802212082
"NLRP2",-9.13540592097752,0.00311901427535735,"Late_Spermatid",0,109.782,-13.4224853156703
"NLRP2",-9.13540592097752,0.00311901427535735,"Spermatogonia",0,575.498,-15.8125483626074
"NLRP2",-9.13540592097752,0.00311901427535735,"Sertoli",0,0.604,-5.94016675048282
"NLRP2",-9.13540592097752,0.00311901427535735,"Leydig",0,1.914,-7.58796498888268
"NLRP2",-9.13540592097752,0.00311901427535735,"Early_Spermatid",0,0,0
"NLRP2",-9.13540592097752,0.00311901427535735,"Macrophage",0,0.068,-2.96347412397489
"NLRP2",-9.13540592097752,0.00311901427535735,"Endothelial",0,0,0
"NLRP2",-9.13540592097752,0.00311901427535735,"NK_Tcell",0,0,0
"NLRP2",-9.13540592097752,0.00311901427535735,"Myoid",0,1.134,-6.83794324189103
"NLRP2",-9.13540592097752,0.00311901427535735,"Spermatocyte",0,0,0
"NLRP2",-9.13540592097752,0.00311901427535735,"Pericyte",0,0,0
"GMPR2",16.9269835405132,0.00508646474787277,"Leydig",84.036,0,13.0369634435943
"PPP1R10",16.0541683754892,0.00695688446183073,"Spermatogonia",123.706,0,13.5947444734606
"VPS52",16.6544692427738,0.00695688446183073,"Spermatogonia",132.844,0,13.6975540450391
"CXorf51B",-13.2529266052886,0.0156546504628814,"Pericyte",0,0,0
"CXorf51B",-13.2529266052886,0.0156546504628814,"Spermatocyte",0,0.002,-0.263034405833794
"CXorf51B",-13.2529266052886,0.0156546504628814,"Spermatogonia",0,87.604,-13.0969457037667
"CXorf51B",-13.2529266052886,0.0156546504628814,"Late_Spermatid",0,353.676,-15.1101814933287
"CXorf51B",-13.2529266052886,0.0156546504628814,"Early_Spermatid",0,0.002,-0.263034405833794
"CXorf51B",-13.2529266052886,0.0156546504628814,"Endothelial",0,0,0
"CXorf51B",-13.2529266052886,0.0156546504628814,"NK_Tcell",0,0,0
"CXorf51B",-13.2529266052886,0.0156546504628814,"Leydig",0,23.636,-11.2073804399716
"CXorf51B",-13.2529266052886,0.0156546504628814,"Myoid",0,26.826,-11.3899539334647
"CXorf51B",-13.2529266052886,0.0156546504628814,"Macrophage",0,0.8,-6.33985000288463
"CXorf51B",-13.2529266052886,0.0156546504628814,"Sertoli",0,7.954,-9.63734941083314
"DDX39B",13.5936954595055,0.0156546504628814,"Leydig",462.17,0,15.4961672106983
"GAGE12E",-13.3515738220277,0.0156546504628814,"Pericyte",0,0,0
"GAGE12E",-13.3515738220277,0.0156546504628814,"Late_Spermatid",0,0.886,-6.48542682717024
"GAGE12E",-13.3515738220277,0.0156546504628814,"Endothelial",0,0,0
"GAGE12E",-13.3515738220277,0.0156546504628814,"Spermatocyte",0,0,0
"GAGE12E",-13.3515738220277,0.0156546504628814,"Spermatogonia",0,506.13,-15.6272488738946
"GAGE12E",-13.3515738220277,0.0156546504628814,"Leydig",0,0.782,-6.30742852519225
"GAGE12E",-13.3515738220277,0.0156546504628814,"Early_Spermatid",0,0,0
"GAGE12E",-13.3515738220277,0.0156546504628814,"Macrophage",0,0.048,-2.53605290024021
"GAGE12E",-13.3515738220277,0.0156546504628814,"NK_Tcell",0,0,0
"GAGE12E",-13.3515738220277,0.0156546504628814,"Sertoli",0,0.226,-4.56071495447448
"GAGE12E",-13.3515738220277,0.0156546504628814,"Myoid",0,0.428,-5.45285896471381
"GAGE12H",-10.9236342632729,0.022208442884254,"Spermatogonia",0,324.05,-14.9839733336731
"GAGE12H",-10.9236342632729,0.022208442884254,"Early_Spermatid",0,0,0
"GAGE12H",-10.9236342632729,0.022208442884254,"Spermatocyte",0,0,0
"GAGE12H",-10.9236342632729,0.022208442884254,"Late_Spermatid",0,0.664,-6.0746766862945
"GAGE12H",-10.9236342632729,0.022208442884254,"Sertoli",0,0.102,-3.48542682717024
"GAGE12H",-10.9236342632729,0.022208442884254,"Leydig",0,0.35,-5.16992500144231
"GAGE12H",-10.9236342632729,0.022208442884254,"Myoid",0,0.324,-5.06177619758669
"GAGE12H",-10.9236342632729,0.022208442884254,"Macrophage",0,0.01,-1
"GAGE12H",-10.9236342632729,0.022208442884254,"NK_Tcell",0,0,0
"GAGE12H",-10.9236342632729,0.022208442884254,"Pericyte",0,0,0
"GAGE12H",-10.9236342632729,0.022208442884254,"Endothelial",0,0,0
"CCT8L2",-6.18614217057224,0.0258489919998563,"Pericyte",0,0,0
"CCT8L2",-6.18614217057224,0.0258489919998563,"Leydig",0,4.306,-8.75355105460065
"CCT8L2",-6.18614217057224,0.0258489919998563,"Early_Spermatid",0,0,0
"CCT8L2",-6.18614217057224,0.0258489919998563,"Late_Spermatid",0,552.872,-15.7546839826492
"CCT8L2",-6.18614217057224,0.0258489919998563,"NK_Tcell",0,0,0
"CCT8L2",-6.18614217057224,0.0258489919998563,"Myoid",0,4.978,-8.96231765494231
"CCT8L2",-6.18614217057224,0.0258489919998563,"Spermatogonia",0,31.566,-11.6246127090057
"CCT8L2",-6.18614217057224,0.0258489919998563,"Macrophage",0,0.066,-2.92599941855622
"CCT8L2",-6.18614217057224,0.0258489919998563,"Spermatocyte",0,0.006,-0.678071905112638
"CCT8L2",-6.18614217057224,0.0258489919998563,"Sertoli",0,1.706,-7.42290574261218
"CCT8L2",-6.18614217057224,0.0258489919998563,"Endothelial",0,0,0
"CT47A11",8.63172156158367,0.0258489919998563,"Spermatogonia",145.45,0,13.8283348609618
"FAM120B",9.59931573451341,0.0258489919998563,"Spermatogonia",148.212,0,13.8554719765543
"HLA-F",5.13199113375304,0.0258489919998563,"Leydig",31.722,0.044,9.19876333148584
"TRPC4",-3.62210413132035,0.0258489919998563,"Myoid",3.032,114.976,-5.24029425475067
"FLOT1",8.02728144921428,0.0294332995296279,"Leydig",102.598,0,13.3248555969504
"GNL1",7.03950430909845,0.0358276894468171,"Spermatogonia",166.31,0,14.0216740428584
"PRM2",-4.65541391101493,0.0400797145809932,"Leydig",54.142,1131.028,-4.3844889688156
"TRIM27",6.34927192385345,0.0400797145809932,"Leydig",64.692,0,12.659594592637
"C11orf42",-4.42854437091289,0.045705258374967,"Myoid",0.144,6.4,-5.3793221008112
"C11orf42",-4.42854437091289,0.045705258374967,"Leydig",0.144,4.486,-4.86763977952602
"CDHR2",-3.97517187703042,0.0496741022139664,"Leydig",4.912,8.726,-0.827728198461693
"P3R3URF",-4.21573955987122,0.0496741022139664,"Leydig",0,13.484,-10.3981023516116
"P3R3URF",-4.21573955987122,0.0496741022139664,"Myoid",0,16.278,-10.6695937511883
"P3R3URF",-4.21573955987122,0.0496741022139664,"Sertoli",0,5.318,-9.0574502721839
"P3R3URF",-4.21573955987122,0.0496741022139664,"NK_Tcell",0,0,0
"P3R3URF",-4.21573955987122,0.0496741022139664,"Pericyte",0,0,0
"P3R3URF",-4.21573955987122,0.0496741022139664,"Macrophage",0,0.298,-4.94485844580754
"P3R3URF",-4.21573955987122,0.0496741022139664,"Endothelial",0,0,0
"P3R3URF",-4.21573955987122,0.0496741022139664,"Spermatogonia",0,59.946,-12.5496884209055
"P3R3URF",-4.21573955987122,0.0496741022139664,"Late_Spermatid",0,440.672,-15.4274503493641
"P3R3URF",-4.21573955987122,0.0496741022139664,"Early_Spermatid",0,0,0
"P3R3URF",-4.21573955987122,0.0496741022139664,"Spermatocyte",0,0.004,-0.485426827170242
"PRM1",-4.01711866576338,0.0496741022139664,"Leydig",28.658,1335.538,-5.54184675794863
"TNP1",-4.16779322616423,0.0496741022139664,"Leydig",15.92,771.966,-5.59873782419729
